{"name":"43709a24-caa0-445c-974d-620c85c72996","id":"/providers/Microsoft.Flow/flows/43709a24-caa0-445c-974d-620c85c72996","type":"Microsoft.Flow/flows","properties":{"apiId":"/providers/Microsoft.PowerApps/apis/shared_logicflows","displayName":"Solicitação de Suporte Técnico","definition":{"metadata":{"workflowEntityId":null,"processAdvisorMetadata":null,"flowChargedByPaygo":null,"flowclientsuspensionreason":"None","flowclientsuspensiontime":null,"flowclientsuspensionreasondetails":null,"creator":{"id":"4e51c192-37e3-482c-a789-5edcebb746d8","type":"User","tenantId":"38ae2f02-5710-4e12-80bb-83600c3fdf1e"},"provisioningMethod":"FromDefinition","failureAlertSubscription":true,"clientLastModifiedTime":"2025-01-17T15:37:43.6238573Z","connectionKeySavedTimeKey":"2025-01-17T15:37:43.6238573Z"},"$schema":"https://schema.management.azure.com/providers/Microsoft.Logic/schemas/2016-06-01/workflowdefinition.json#","contentVersion":"1.0.0.0","parameters":{"$connections":{"defaultValue":{},"type":"Object"},"$authentication":{"defaultValue":{},"type":"SecureObject"}},"triggers":{"Quando_um_item_é_criado":{"recurrence":{"interval":5,"frequency":"Minute"},"splitOn":"@triggerOutputs()?['body/value']","metadata":{"operationMetadataId":"2fee3147-be10-47aa-a725-3fcff7871cc6"},"type":"OpenApiConnection","inputs":{"host":{"apiId":"/providers/Microsoft.PowerApps/apis/shared_sharepointonline","connectionName":"shared_sharepointonline","operationId":"GetOnNewItems"},"parameters":{"dataset":"https://acadcruzeirodosul-my.sharepoint.com/personal/alice_oliveira04_cs_unicid_edu_br","table":"d9c9f784-0be2-43e0-b431-d422d11496d4"},"authentication":"@parameters('$authentication')"}}},"actions":{"Atualizar_item":{"runAfter":{},"metadata":{"operationMetadataId":"5218a51a-423c-4d1f-be72-d02add9ee87c"},"type":"OpenApiConnection","inputs":{"host":{"apiId":"/providers/Microsoft.PowerApps/apis/shared_sharepointonline","connectionName":"shared_sharepointonline","operationId":"PatchItem"},"parameters":{"dataset":"https://acadcruzeirodosul-my.sharepoint.com/personal/alice_oliveira04_cs_unicid_edu_br","table":"d9c9f784-0be2-43e0-b431-d422d11496d4","id":"@triggerOutputs()?['body/ID']","item/StatusdoPedido/Value":"Em Andamento"},"authentication":"@parameters('$authentication')"}},"Aprovação_do_gestor":{"runAfter":{"Atualizar_item":["Succeeded"]},"metadata":{"operationMetadataId":"ff6c7972-bc4d-4d10-9aa1-12a46776b4e7"},"type":"OpenApiConnectionWebhook","inputs":{"host":{"apiId":"/providers/Microsoft.PowerApps/apis/shared_approvals","connectionName":"shared_approvals","operationId":"StartAndWaitForAnApproval"},"parameters":{"approvalType":"Basic","WebhookApprovalCreationInput/title":"@{outputs('Atualizar_item')?['body/NomedaSolicita_x00e7__x00e3_o']} ","WebhookApprovalCreationInput/assignedTo":"@{outputs('Atualizar_item')?['body/GestorRespons_x00e1_vel/Email']};","WebhookApprovalCreationInput/details":"Nome do Pedido: @{outputs('Atualizar_item')?['body/Title']}\nDescrição do Problema: @{outputs('Atualizar_item')?['body/NomedaSolicita_x00e7__x00e3_o']}\nNome do Solicitante: @{outputs('Atualizar_item')?['body/Author/DisplayName']}\nDepartamento: @{outputs('Atualizar_item')?['body/Departamento/Value']}\nData da Solicitação: @{outputs('Atualizar_item')?['body/DatadaSolicita_x00e7__x00e3_o']}","WebhookApprovalCreationInput/itemLink":"@outputs('Atualizar_item')?['body/{Link}']","WebhookApprovalCreationInput/enableNotifications":true,"WebhookApprovalCreationInput/enableReassignment":true},"authentication":"@parameters('$authentication')"}},"Condição":{"actions":{"Enviar_um_email_(V2)":{"runAfter":{},"metadata":{"operationMetadataId":"01f36247-df5a-414f-bb30-5fabcd84a4c7"},"type":"OpenApiConnection","inputs":{"host":{"apiId":"/providers/Microsoft.PowerApps/apis/shared_office365","connectionName":"shared_office365","operationId":"SendEmailV2"},"parameters":{"emailMessage/To":"@outputs('Atualizar_item')?['body/Author/Email']","emailMessage/Subject":"Sua solicitação foi aprovada pelo gestor @{outputs('Atualizar_item')?['body/GestorRespons_x00e1_vel/DisplayName']}","emailMessage/Body":"<p>Sua solicitação foi aprovada pelo gestor, mas deve aguardar o técnico.&nbsp;</p>","emailMessage/Importance":"Normal"},"authentication":"@parameters('$authentication')"}},"Atualizar_item_3":{"runAfter":{"Enviar_um_email_(V2)":["Succeeded"]},"metadata":{"operationMetadataId":"5218a51a-423c-4d1f-be72-d02add9ee87c"},"type":"OpenApiConnection","inputs":{"host":{"apiId":"/providers/Microsoft.PowerApps/apis/shared_sharepointonline","connectionName":"shared_sharepointonline","operationId":"PatchItem"},"parameters":{"dataset":"https://acadcruzeirodosul-my.sharepoint.com/personal/alice_oliveira04_cs_unicid_edu_br","table":"d9c9f784-0be2-43e0-b431-d422d11496d4","id":"@triggerOutputs()?['body/ID']","item/StatusdoPedido/Value":"Validado"},"authentication":"@parameters('$authentication')"}},"Condição_2":{"actions":{"Enviar_um_email_(V2)_4":{"runAfter":{},"metadata":{"operationMetadataId":"cbae1772-09aa-49be-93d1-c22ef3b6aed1"},"type":"OpenApiConnection","inputs":{"host":{"apiId":"/providers/Microsoft.PowerApps/apis/shared_office365","connectionName":"shared_office365","operationId":"SendEmailV2"},"parameters":{"emailMessage/To":"@outputs('Atualizar_item_3')?['body/Author/Email']","emailMessage/Subject":"Técnico aprovou sua solicitação! ","emailMessage/Body":"<p>Nome do Pedido: @{outputs('Atualizar_item')?['body/Title']}<br>\nDescrição do Problema: @{outputs('Atualizar_item')?['body/NomedaSolicita_x00e7__x00e3_o']}<br>\nNome do Solicitante: @{outputs('Atualizar_item')?['body/Author/DisplayName']}<br>\nDepartamento: @{outputs('Atualizar_item')?['body/Departamento/Value']}<br>\nData da Solicitação: @{outputs('Atualizar_item')?['body/DatadaSolicita_x00e7__x00e3_o']}<br>\nFoi aprovado pelo ténico: @{outputs('Atualizar_item')?['body/T_x00e9_cnicoRespons_x00e1_vel/DisplayName']}</p>","emailMessage/Importance":"Normal"},"authentication":"@parameters('$authentication')"}},"Atualizar_item_4":{"runAfter":{"Enviar_um_email_(V2)_4":["Succeeded"]},"metadata":{"operationMetadataId":"5218a51a-423c-4d1f-be72-d02add9ee87c"},"type":"OpenApiConnection","inputs":{"host":{"apiId":"/providers/Microsoft.PowerApps/apis/shared_sharepointonline","connectionName":"shared_sharepointonline","operationId":"PatchItem"},"parameters":{"dataset":"https://acadcruzeirodosul-my.sharepoint.com/personal/alice_oliveira04_cs_unicid_edu_br","table":"d9c9f784-0be2-43e0-b431-d422d11496d4","id":"@triggerOutputs()?['body/ID']","item/StatusdoPedido/Value":"Solucionado"},"authentication":"@parameters('$authentication')"}}},"runAfter":{"Aprovação_do_tecnico":["Succeeded"]},"else":{"actions":{"Enviar_um_email_(V2)_5":{"runAfter":{},"metadata":{"operationMetadataId":"f393ab00-ad5d-424a-951d-2caa09df18e2"},"type":"OpenApiConnection","inputs":{"host":{"apiId":"/providers/Microsoft.PowerApps/apis/shared_office365","connectionName":"shared_office365","operationId":"SendEmailV2"},"parameters":{"emailMessage/To":"@outputs('Atualizar_item_3')?['body/Author/Email']","emailMessage/Subject":"Técnico recusou sua solicitação! ","emailMessage/Body":"<p><br>\nNome do Pedido: @{outputs('Atualizar_item')?['body/Title']}<br>\nDescrição do Problema: @{outputs('Atualizar_item')?['body/NomedaSolicita_x00e7__x00e3_o']}<br>\nNome do Solicitante: @{outputs('Atualizar_item')?['body/Author/DisplayName']}<br>\nDepartamento: @{outputs('Atualizar_item')?['body/Departamento/Value']}<br>\nData da Solicitação: @{outputs('Atualizar_item')?['body/DatadaSolicita_x00e7__x00e3_o']}<br>\nFoi recusado pelo ténico: @{outputs('Atualizar_item')?['body/T_x00e9_cnicoRespons_x00e1_vel/DisplayName']}</p>","emailMessage/Importance":"Normal"},"authentication":"@parameters('$authentication')"}},"Atualizar_item_5":{"runAfter":{"Enviar_um_email_(V2)_5":["Succeeded"]},"metadata":{"operationMetadataId":"5218a51a-423c-4d1f-be72-d02add9ee87c"},"type":"OpenApiConnection","inputs":{"host":{"apiId":"/providers/Microsoft.PowerApps/apis/shared_sharepointonline","connectionName":"shared_sharepointonline","operationId":"PatchItem"},"parameters":{"dataset":"https://acadcruzeirodosul-my.sharepoint.com/personal/alice_oliveira04_cs_unicid_edu_br","table":"d9c9f784-0be2-43e0-b431-d422d11496d4","id":"@triggerOutputs()?['body/ID']","item/StatusdoPedido/Value":"Não Solucionado"},"authentication":"@parameters('$authentication')"}}}},"expression":{"equals":["@outputs('Aprovação_do_tecnico')?['body/outcome']","Approve"]},"metadata":{"operationMetadataId":"ff300a92-4fc8-4062-b4f5-f8dc2dd9fda2"},"type":"If"},"Enviar_um_email_(V2)_3":{"runAfter":{"Atualizar_item_3":["Succeeded"]},"metadata":{"operationMetadataId":"1fbad6b4-1656-4c98-a5ba-b530c9d549f1"},"type":"OpenApiConnection","inputs":{"host":{"apiId":"/providers/Microsoft.PowerApps/apis/shared_office365","connectionName":"shared_office365","operationId":"SendEmailV2"},"parameters":{"emailMessage/To":"@outputs('Atualizar_item_3')?['body/T_x00e9_cnicoRespons_x00e1_vel/Email']","emailMessage/Subject":"Visita tecnica ","emailMessage/Body":"<p>Nome do Pedido: @{outputs('Atualizar_item')?['body/Title']}<br>\nDescrição do Problema: @{outputs('Atualizar_item')?['body/NomedaSolicita_x00e7__x00e3_o']}<br>\nNome do Solicitante: @{outputs('Atualizar_item')?['body/Author/DisplayName']}<br>\nDepartamento: @{outputs('Atualizar_item')?['body/Departamento/Value']}<br>\nData da Solicitação: @{outputs('Atualizar_item')?['body/DatadaSolicita_x00e7__x00e3_o']}<br>\nLink para o Item: @{outputs('Atualizar_item_3')?['body/{Link}']}<br>\n<br>\nEspero retorno</p>","emailMessage/Importance":"Normal"},"authentication":"@parameters('$authentication')"}},"Aprovação_do_tecnico":{"runAfter":{"Enviar_um_email_(V2)_3":["Succeeded"]},"metadata":{"operationMetadataId":"ff6c7972-bc4d-4d10-9aa1-12a46776b4e7"},"type":"OpenApiConnectionWebhook","inputs":{"host":{"apiId":"/providers/Microsoft.PowerApps/apis/shared_approvals","connectionName":"shared_approvals","operationId":"StartAndWaitForAnApproval"},"parameters":{"approvalType":"Basic","WebhookApprovalCreationInput/title":"@{outputs('Atualizar_item')?['body/NomedaSolicita_x00e7__x00e3_o']} ","WebhookApprovalCreationInput/assignedTo":"@{outputs('Atualizar_item_3')?['body/T_x00e9_cnicoRespons_x00e1_vel/DisplayName']};","WebhookApprovalCreationInput/itemLink":"@outputs('Atualizar_item')?['body/{Link}']","WebhookApprovalCreationInput/enableNotifications":true,"WebhookApprovalCreationInput/enableReassignment":true},"authentication":"@parameters('$authentication')"}}},"runAfter":{"Aprovação_do_gestor":["Succeeded"]},"else":{"actions":{"Enviar_um_email_(V2)_2":{"runAfter":{},"metadata":{"operationMetadataId":"01f36247-df5a-414f-bb30-5fabcd84a4c7"},"type":"OpenApiConnection","inputs":{"host":{"apiId":"/providers/Microsoft.PowerApps/apis/shared_office365","connectionName":"shared_office365","operationId":"SendEmailV2"},"parameters":{"emailMessage/To":"@outputs('Atualizar_item')?['body/Author/Email']","emailMessage/Subject":"Sua solicitação foi recusada pelo gestor @{outputs('Atualizar_item')?['body/GestorRespons_x00e1_vel/DisplayName']}","emailMessage/Body":"<p>Nome do Gestor: @{outputs('Atualizar_item')?['body/GestorRespons_x00e1_vel/DisplayName']}<br>\nNome do Solicitação: @{outputs('Atualizar_item')?['body/NomedaSolicita_x00e7__x00e3_o']}<br>\nSua solicitação foi recusada pelo gestor &nbsp;:(</p>","emailMessage/Importance":"Normal"},"authentication":"@parameters('$authentication')"}},"Atualizar_item_2":{"runAfter":{"Enviar_um_email_(V2)_2":["Succeeded"]},"metadata":{"operationMetadataId":"5218a51a-423c-4d1f-be72-d02add9ee87c"},"type":"OpenApiConnection","inputs":{"host":{"apiId":"/providers/Microsoft.PowerApps/apis/shared_sharepointonline","connectionName":"shared_sharepointonline","operationId":"PatchItem"},"parameters":{"dataset":"https://acadcruzeirodosul-my.sharepoint.com/personal/alice_oliveira04_cs_unicid_edu_br","table":"d9c9f784-0be2-43e0-b431-d422d11496d4","id":"@triggerOutputs()?['body/ID']","item/StatusdoPedido/Value":"Invalidado"},"authentication":"@parameters('$authentication')"}}}},"expression":{"equals":["@outputs('Aprovação_do_gestor')?['body/outcome']","Approve"]},"metadata":{"operationMetadataId":"24986927-bd75-4baa-b7f7-4754cb909854"},"type":"If"}},"outputs":{}},"connectionReferences":{"shared_sharepointonline":{"connectionName":"f4841f886caf45a0ad0de83dc7e8dd47","source":"Embedded","id":"/providers/Microsoft.PowerApps/apis/shared_sharepointonline","tier":"NotSpecified","apiName":"sharepointonline"},"shared_approvals":{"connectionName":"shared-approvals-6eb8ea4a-37b9-4f02-a434-9aa4608e34dc","source":"Embedded","id":"/providers/Microsoft.PowerApps/apis/shared_approvals","tier":"NotSpecified","apiName":"approvals"},"shared_office365":{"connectionName":"shared-office365-7874bbb4-ecab-492c-975e-8b0499f20c3c","source":"Embedded","id":"/providers/Microsoft.PowerApps/apis/shared_office365","tier":"NotSpecified","apiName":"office365"}},"flowFailureAlertSubscribed":false,"isManaged":false}}