{"schemaVersion":"1.0","appDefinitionTemplate":{"id":"/providers/Microsoft.PowerApps/apps/","type":"Microsoft.PowerApps/apps","tags":{"primaryDeviceWidth":"1366","primaryDeviceHeight":"768","supportsPortrait":"true","supportsLandscape":"true","primaryFormFactor":"Tablet","showStatusBar":"false","publisherVersion":"3.24111.12","minimumRequiredApiVersion":"2.2.0","hasComponent":"false","hasUnlockedComponent":"false","isUnifiedRootApp":"false","sienaVersion":"20241126T140450Z-3.24111.12.0"},"properties":{"appVersion":"2024-11-26T14:04:50Z","lifeCycleId":"Published","createdByClientVersion":{"major":3,"minor":24111,"build":12,"revision":0,"majorRevision":0,"minorRevision":0},"minClientVersion":{"major":3,"minor":24111,"build":12,"revision":0,"majorRevision":0,"minorRevision":0},"backgroundColor":"RGBA(0,176,240,1)","backgroundImageUri":"/8802788417983294334/Nfd0a1e99-42aa-491d-9584-2c4a327aaa4e-logoSmallFile","displayName":"Aplicativo","description":"","commitMessage":"","appUris":{"documentUri":{"value":"/8802788417983294334/Nef678e64-992b-4db0-8d83-bdeb72dcfe10-document.msapp"},"imageUris":[],"additionalUris":[{"isSolutionAware":false,"value":"/8802788417983294334/N2c8fb9a0-15f2-42e0-8451-9853de9f1f2c-identity.json"}]},"createdTime":"0001-01-01T00:00:00Z","lastModifiedTime":"0001-01-01T00:00:00Z","sharedGroupsCount":0,"sharedUsersCount":0,"connectionReferences":{"dd49c76f-ba8a-4484-80c9-857627d08bce":{"id":"2b49668b-dfa8-4f30-96a3-a52fe7ed0a25","displayName":"SharePoint","iconUri":"https://connectoricons-prod.azureedge.net/u/jayawan/releases/v1.0.1697/1.0.1697.3786/sharepointonline/icon.png","dataSources":["Produtos"],"dependencies":[],"dependents":[],"parameterHints":{},"parameterHintsV2":{},"isOnPremiseConnection":false,"bypassConsent":false,"dataSets":{"https://acadcruzeirodosul-my.sharepoint.com/personal/alice_oliveira04_cs_unicid_edu_br":{"dataSources":{"Produtos":{"tableName":"10603002-507d-4438-b694-167a31c0b5fd"}}}},"apiTier":"Standard","isCustomApiConnection":false,"actions":["providers/PowerPlatform.Governance/Operations/Read"]}},"databaseReferences":{},"almMode":"Environment","performanceOptimizationEnabled":false,"canConsumeAppPass":false,"enableModernRuntimeMode":false,"executionRestrictions":{"isTeamsOnly":false,"dataLossPreventionEvaluationResult":{"status":"Compliant","lastEvaluationDate":"2024-11-26T14:04:53.0839602Z","violations":[],"violationsByPolicy":[],"violationErrorMessage":"O aplicativo usa os seguintes conectores: shared_sharepointonline."}}},"appType":"ClassicCanvasApp","appComponents":[]}}