{"name":"a6ffa3ef-066e-499e-8bf5-3d8d4ee09327","id":"/providers/Microsoft.Flow/flows/a6ffa3ef-066e-499e-8bf5-3d8d4ee09327","type":"Microsoft.Flow/flows","properties":{"apiId":"/providers/Microsoft.PowerApps/apis/shared_logicflows","displayName":"Fluxo de compra","definition":{"metadata":{"workflowEntityId":null,"processAdvisorMetadata":null,"flowChargedByPaygo":null,"flowclientsuspensionreason":"None","flowclientsuspensiontime":null,"flowclientsuspensionreasondetails":null,"creator":{"id":"4e51c192-37e3-482c-a789-5edcebb746d8","type":"User","tenantId":"38ae2f02-5710-4e12-80bb-83600c3fdf1e"},"provisioningMethod":"FromDefinition","failureAlertSubscription":true,"clientLastModifiedTime":"2025-01-17T15:32:22.3456512Z","connectionKeySavedTimeKey":"2025-01-17T15:32:22.3456512Z"},"$schema":"https://schema.management.azure.com/providers/Microsoft.Logic/schemas/2016-06-01/workflowdefinition.json#","contentVersion":"1.0.0.0","parameters":{"$connections":{"defaultValue":{},"type":"Object"},"$authentication":{"defaultValue":{},"type":"SecureObject"}},"triggers":{"Quando_um_item_é_criado":{"recurrence":{"interval":5,"frequency":"Minute"},"splitOn":"@triggerOutputs()?['body/value']","metadata":{"operationMetadataId":"0ced7297-f6d2-4079-b277-a35901c0b0c3"},"type":"OpenApiConnection","inputs":{"host":{"apiId":"/providers/Microsoft.PowerApps/apis/shared_sharepointonline","connectionName":"shared_sharepointonline","operationId":"GetOnNewItems"},"parameters":{"dataset":"https://acadcruzeirodosul-my.sharepoint.com/personal/alice_oliveira04_cs_unicid_edu_br","table":"6725509f-d7b6-4516-b198-472f4eec357e"},"authentication":"@parameters('$authentication')"}}},"actions":{"Atualizar_item_":{"runAfter":{},"metadata":{"operationMetadataId":"0d63b160-eead-4c7a-a100-3406bfc2636e"},"type":"OpenApiConnection","inputs":{"host":{"apiId":"/providers/Microsoft.PowerApps/apis/shared_sharepointonline","connectionName":"shared_sharepointonline","operationId":"PatchItem"},"parameters":{"dataset":"https://acadcruzeirodosul-my.sharepoint.com/personal/alice_oliveira04_cs_unicid_edu_br","table":"6725509f-d7b6-4516-b198-472f4eec357e","id":"@triggerOutputs()?['body/ID']","item/Title":"@triggerOutputs()?['body/Title']","item/Statusdopedido/Value":"Em aprovação"},"authentication":"@parameters('$authentication')"}},"Aprovação_do_gestor":{"runAfter":{"Atualizar_item_":["Succeeded"]},"metadata":{"operationMetadataId":"103139ec-8ede-438a-b33a-d57e3b964312"},"type":"OpenApiConnectionWebhook","inputs":{"host":{"apiId":"/providers/Microsoft.PowerApps/apis/shared_approvals","connectionName":"shared_approvals","operationId":"StartAndWaitForAnApproval"},"parameters":{"approvalType":"Basic","WebhookApprovalCreationInput/title":"Aprovação do pedido de compra @{outputs('Atualizar_item_')?['body/Nomedopedido']}","WebhookApprovalCreationInput/assignedTo":"@{outputs('Atualizar_item_')?['body/Gestor']};","WebhookApprovalCreationInput/details":"valor do pedido: @{outputs('Atualizar_item_')?['body/Valordopedido']}","WebhookApprovalCreationInput/itemLink":"@triggerOutputs()?['body/{Link}']","WebhookApprovalCreationInput/enableNotifications":true,"WebhookApprovalCreationInput/enableReassignment":true},"authentication":"@parameters('$authentication')"}},"Condição":{"actions":{"Enviar_um_email_(V2)":{"runAfter":{},"metadata":{"operationMetadataId":"afc526bf-65d6-4210-be8c-f68211aef9e6"},"type":"OpenApiConnection","inputs":{"host":{"apiId":"/providers/Microsoft.PowerApps/apis/shared_office365","connectionName":"shared_office365","operationId":"SendEmailV2"},"parameters":{"emailMessage/To":"@outputs('Atualizar_item_')?['body/Author/Email']","emailMessage/Subject":"Seu pedido foi aprovado pelo gestor @{outputs('Atualizar_item_')?['body/Gestor']}","emailMessage/Body":"<p>Aguardar aprovação do diretor @{outputs('Atualizar_item_')?['body/Diretor/DisplayName']}</p>","emailMessage/Importance":"Normal"},"authentication":"@parameters('$authentication')"}},"Iniciar_e_aguardar_uma_aprovação":{"runAfter":{"Enviar_um_email_(V2)":["Succeeded"]},"metadata":{"operationMetadataId":"90618022-21ce-4c01-9d04-40ffc4d1860c"},"type":"OpenApiConnectionWebhook","inputs":{"host":{"apiId":"/providers/Microsoft.PowerApps/apis/shared_approvals","connectionName":"shared_approvals","operationId":"StartAndWaitForAnApproval"},"parameters":{"approvalType":"Basic","WebhookApprovalCreationInput/title":"Aprovação do pedido @{outputs('Atualizar_item_')?['body/Nomedopedido']}","WebhookApprovalCreationInput/assignedTo":"@{outputs('Atualizar_item_')?['body/Diretor/Email']};","WebhookApprovalCreationInput/details":"@{outputs('Atualizar_item_')?['body/Nomedopedido']} @{outputs('Atualizar_item_')?['body/Valordopedido']}","WebhookApprovalCreationInput/itemLink":"@triggerOutputs()?['body/{Link}']","WebhookApprovalCreationInput/enableNotifications":true,"WebhookApprovalCreationInput/enableReassignment":true},"authentication":"@parameters('$authentication')"}},"Condição_2":{"actions":{"Enviar_um_email_(V2)_3":{"runAfter":{},"metadata":{"operationMetadataId":"44ba7753-44b1-45ee-a35a-a4003e56d4e3"},"type":"OpenApiConnection","inputs":{"host":{"apiId":"/providers/Microsoft.PowerApps/apis/shared_office365","connectionName":"shared_office365","operationId":"SendEmailV2"},"parameters":{"emailMessage/To":"@outputs('Atualizar_item_')?['body/Author/Email']","emailMessage/Subject":"O diretor @{outputs('Atualizar_item_')?['body/Diretor/DisplayName']} aprovou seu pedido ","emailMessage/Body":"<p>Parabens !&nbsp;</p>","emailMessage/Importance":"Normal"},"authentication":"@parameters('$authentication')"}},"Atualizar_item_2":{"runAfter":{"Enviar_um_email_(V2)_3":["Succeeded"]},"metadata":{"operationMetadataId":"b8590a0e-bd45-4b85-a15f-ba69c00eaef5"},"type":"OpenApiConnection","inputs":{"host":{"apiId":"/providers/Microsoft.PowerApps/apis/shared_sharepointonline","connectionName":"shared_sharepointonline","operationId":"PatchItem"},"parameters":{"dataset":"https://acadcruzeirodosul-my.sharepoint.com/personal/alice_oliveira04_cs_unicid_edu_br","table":"6725509f-d7b6-4516-b198-472f4eec357e","id":"@outputs('Atualizar_item_')?['body/ID']","item/Title":"@outputs('Atualizar_item_')?['body/Title']","item/Statusdopedido/Value":"Aprovado"},"authentication":"@parameters('$authentication')"}}},"runAfter":{"Iniciar_e_aguardar_uma_aprovação":["Succeeded"]},"else":{"actions":{"Enviar_um_email_(V2)_4":{"runAfter":{},"metadata":{"operationMetadataId":"a96f6a13-3635-4c60-afcb-f33c20b6c07c"},"type":"OpenApiConnection","inputs":{"host":{"apiId":"/providers/Microsoft.PowerApps/apis/shared_office365","connectionName":"shared_office365","operationId":"SendEmailV2"},"parameters":{"emailMessage/To":"@outputs('Atualizar_item_')?['body/Author/Email']","emailMessage/Subject":"O pedido foi recusado ","emailMessage/Body":"<p>O diretor @{outputs('Atualizar_item_')?['body/Diretor/DisplayName']} recusou seu pedido&nbsp;</p>","emailMessage/Importance":"Normal"},"authentication":"@parameters('$authentication')"}},"Atualizar_item_3":{"runAfter":{"Enviar_um_email_(V2)_4":["Succeeded"]},"metadata":{"operationMetadataId":"bc6a76b1-d779-4404-913d-3e4af07e289e"},"type":"OpenApiConnection","inputs":{"host":{"apiId":"/providers/Microsoft.PowerApps/apis/shared_sharepointonline","connectionName":"shared_sharepointonline","operationId":"PatchItem"},"parameters":{"dataset":"https://acadcruzeirodosul-my.sharepoint.com/personal/alice_oliveira04_cs_unicid_edu_br","table":"6725509f-d7b6-4516-b198-472f4eec357e","id":"@outputs('Atualizar_item_')?['body/ID']","item/Title":"@outputs('Atualizar_item_')?['body/Title']","item/Statusdopedido/Value":"Recusado"},"authentication":"@parameters('$authentication')"}}}},"expression":{"equals":["@outputs('Iniciar_e_aguardar_uma_aprovação')?['body/outcome']","Approve"]},"metadata":{"operationMetadataId":"6c25a462-3698-413f-ab18-3cb382334980"},"type":"If"}},"runAfter":{"Aprovação_do_gestor":["Succeeded"]},"else":{"actions":{"Enviar_um_email_(V2)_2":{"runAfter":{},"metadata":{"operationMetadataId":"4cb5636b-c1a5-4d56-8dda-81c3fc678d81"},"type":"OpenApiConnection","inputs":{"host":{"apiId":"/providers/Microsoft.PowerApps/apis/shared_office365","connectionName":"shared_office365","operationId":"SendEmailV2"},"parameters":{"emailMessage/To":"@outputs('Atualizar_item_')?['body/Author/Email']","emailMessage/Subject":"Pedido foi recusado pelo gestor","emailMessage/Body":"<p>O gestor @{outputs('Atualizar_item_')?['body/Gestor/DisplayName']} recusou seu pedido&nbsp;</p>","emailMessage/Importance":"Normal"},"authentication":"@parameters('$authentication')"}},"Atualizar_item":{"runAfter":{"Enviar_um_email_(V2)_2":["Succeeded"]},"metadata":{"operationMetadataId":"639b5ea3-aa24-4976-b10d-a19aa5662bdb"},"type":"OpenApiConnection","inputs":{"host":{"apiId":"/providers/Microsoft.PowerApps/apis/shared_sharepointonline","connectionName":"shared_sharepointonline","operationId":"PatchItem"},"parameters":{"dataset":"https://acadcruzeirodosul-my.sharepoint.com/personal/alice_oliveira04_cs_unicid_edu_br","table":"6725509f-d7b6-4516-b198-472f4eec357e","id":"@outputs('Atualizar_item_')?['body/ID']","item/Title":"@outputs('Atualizar_item_')?['body/Title']","item/Statusdopedido/Value":"Recusado"},"authentication":"@parameters('$authentication')"}}}},"expression":{"equals":["@outputs('Aprovação_do_gestor')?['body/outcome']","Approve"]},"metadata":{"operationMetadataId":"773d6d7b-45b0-4501-8ea5-5689754c8d25"},"type":"If"}},"outputs":{}},"connectionReferences":{"shared_sharepointonline":{"connectionName":"f4841f886caf45a0ad0de83dc7e8dd47","source":"Embedded","id":"/providers/Microsoft.PowerApps/apis/shared_sharepointonline","tier":"NotSpecified","apiName":"sharepointonline"},"shared_approvals":{"connectionName":"shared-approvals-6eb8ea4a-37b9-4f02-a434-9aa4608e34dc","source":"Embedded","id":"/providers/Microsoft.PowerApps/apis/shared_approvals","tier":"NotSpecified","apiName":"approvals"},"shared_office365":{"connectionName":"shared-office365-7874bbb4-ecab-492c-975e-8b0499f20c3c","source":"Embedded","id":"/providers/Microsoft.PowerApps/apis/shared_office365","tier":"NotSpecified","apiName":"office365"}},"flowFailureAlertSubscribed":false,"isManaged":false}}