{"name":"8a6b0e97-da3f-40c1-8310-4d077f60f56d","id":"/providers/Microsoft.Flow/flows/8a6b0e97-da3f-40c1-8310-4d077f60f56d","type":"Microsoft.Flow/flows","properties":{"apiId":"/providers/Microsoft.PowerApps/apis/shared_logicflows","displayName":"fluxo de férias","definition":{"metadata":{"workflowEntityId":null,"processAdvisorMetadata":null,"flowChargedByPaygo":null,"flowclientsuspensionreason":"None","flowclientsuspensiontime":null,"flowclientsuspensionreasondetails":null,"creator":{"id":"4e51c192-37e3-482c-a789-5edcebb746d8","type":"User","tenantId":"38ae2f02-5710-4e12-80bb-83600c3fdf1e"},"provisioningMethod":"FromDefinition","failureAlertSubscription":true,"clientLastModifiedTime":"2024-11-14T23:32:27.881803Z","connectionKeySavedTimeKey":"2024-11-14T23:32:27.881803Z"},"$schema":"https://schema.management.azure.com/providers/Microsoft.Logic/schemas/2016-06-01/workflowdefinition.json#","contentVersion":"1.0.0.0","parameters":{"$connections":{"defaultValue":{},"type":"Object"},"$authentication":{"defaultValue":{},"type":"SecureObject"}},"triggers":{"Quando_um_item_é_criado":{"recurrence":{"interval":5,"frequency":"Minute"},"splitOn":"@triggerOutputs()?['body/value']","metadata":{"operationMetadataId":"c31b723c-599d-456e-87a2-307d37713071"},"type":"OpenApiConnection","inputs":{"host":{"apiId":"/providers/Microsoft.PowerApps/apis/shared_sharepointonline","connectionName":"shared_sharepointonline","operationId":"GetOnNewItems"},"parameters":{"dataset":"https://acadcruzeirodosul-my.sharepoint.com/personal/alice_oliveira04_cs_unicid_edu_br","table":"08d3121f-7c32-41f6-9846-dbbf4a39fc26"},"authentication":"@parameters('$authentication')"}}},"actions":{"Criar_uma_aprovação":{"runAfter":{},"metadata":{"operationMetadataId":"56fa7e2b-0ce0-42dd-82e2-58ec53f8cfbf"},"type":"OpenApiConnection","inputs":{"host":{"apiId":"/providers/Microsoft.PowerApps/apis/shared_approvals","connectionName":"shared_approvals","operationId":"CreateAnApproval"},"parameters":{"approvalType":"Basic","ApprovalCreationInput/title":"Pedido de férias - Criador@{triggerOutputs()?['body/Author/DisplayName']}","ApprovalCreationInput/assignedTo":"alice.oliveira04@cs.unicid.edu.br;","ApprovalCreationInput/details":"Pedido de férias:\n\ndata de entrada: @{triggerOutputs()?['body/Entradasdef_x00e9_rias']}\ndata de retorno: @{triggerOutputs()?['body/Retornodef_x00e9_rias']}\nmotivo da aprovação: @{triggerOutputs()?['body/Title']}\ndescrição: @{triggerOutputs()?['body/Descri_x00e7__x00e3_o']}","ApprovalCreationInput/itemLink":"@triggerOutputs()?['body/{Link}']","ApprovalCreationInput/enableNotifications":true,"ApprovalCreationInput/enableReassignment":true},"authentication":"@parameters('$authentication')"}},"Aguardar_uma_aprovação":{"runAfter":{"Criar_uma_aprovação":["Succeeded"]},"metadata":{"operationMetadataId":"ec38647e-06fc-4249-b045-81f6042a8e0c"},"type":"OpenApiConnectionWebhook","inputs":{"host":{"apiId":"/providers/Microsoft.PowerApps/apis/shared_approvals","connectionName":"shared_approvals","operationId":"WaitForAnApproval"},"parameters":{"approvalName":"@outputs('Criar_uma_aprovação')?['body/name']"},"authentication":"@parameters('$authentication')"}},"Aplicar_a_cada":{"foreach":"@outputs('Aguardar_uma_aprovação')?['body/responses']","actions":{"Enviar_um_email_(V2)":{"runAfter":{},"metadata":{"operationMetadataId":"4b4166cc-dfbc-481b-acd0-65a3f11d039b"},"type":"OpenApiConnection","inputs":{"host":{"apiId":"/providers/Microsoft.PowerApps/apis/shared_office365","connectionName":"shared_office365","operationId":"SendEmailV2"},"parameters":{"emailMessage/To":"@{triggerOutputs()?['body/Author/Email']}; aliceoqueiroz52@gmail.com","emailMessage/Subject":"Pedido de férias: @{triggerOutputs()?['body/Descri_x00e7__x00e3_o']}","emailMessage/Body":"<p>Seu pedido foi: @{outputs('Aguardar_uma_aprovação')?['body/outcome']} resposta do aprovador @{items('Aplicar_a_cada')?['comments']}</p>","emailMessage/Importance":"Normal"},"authentication":"@parameters('$authentication')"}}},"runAfter":{"Aguardar_uma_aprovação":["Succeeded"]},"metadata":{"operationMetadataId":"74371e8f-64e0-49a8-a29b-72da5974aa02"},"type":"Foreach"}},"outputs":{}},"connectionReferences":{"shared_sharepointonline":{"connectionName":"f4841f886caf45a0ad0de83dc7e8dd47","source":"Embedded","id":"/providers/Microsoft.PowerApps/apis/shared_sharepointonline","tier":"NotSpecified","apiName":"sharepointonline"},"shared_approvals":{"connectionName":"shared-approvals-6eb8ea4a-37b9-4f02-a434-9aa4608e34dc","source":"Embedded","id":"/providers/Microsoft.PowerApps/apis/shared_approvals","tier":"NotSpecified","apiName":"approvals"},"shared_office365":{"connectionName":"shared-office365-7874bbb4-ecab-492c-975e-8b0499f20c3c","source":"Embedded","id":"/providers/Microsoft.PowerApps/apis/shared_office365","tier":"NotSpecified","apiName":"office365"}},"flowFailureAlertSubscribed":false,"isManaged":false}}